{"firstCam": {"width": 1664.0, "height": 1088.0, "worldToCameraMatrix": [-0.9999191738523562, 0.006920918616375742, 0.0106623066905433, 0.29687253986661105, 0.012156501283691307, 0.7657997731147034, 0.642964115511575, -0.48653780549632275, -0.0037152890555523133, 0.6430418461152329, -0.7658219437725465, -5.482941491264256, 0.0, 0.0, 0.0, 1.0], "projectionMatrix": [1285.7378548985425, 0.0, 844.4479954467743, 0.0, 0.0, 1288.1415450253648, 568.942606609008, 0.0, 0.0, 0.0, 1.0, 0.0, 0.0, 0.0, 0.0, 1.0]}}