{"firstCam": {"width": 1664.0, "height": 1088.0, "worldToCameraMatrix": [-0.9999191738523562, 0.006920918616375741, 0.010662306690543303, 0.29687253986661105, 0.012156501283691307, 0.7657997731147034, 0.6429641155115751, -0.486537805496322, -0.0037152890555523137, 0.643041846115233, -0.7658219437725466, -5.482941491264257, 0.0, 0.0, 0.0, 1.0], "projectionMatrix": [1285.7378548985425, 0.0, 844.4479954467743, 0.0, 0.0, 1288.1415450253648, 568.942606609008, 0.0, 0.0, 0.0, 1.0, 0.0, 0.0, 0.0, 0.0, 1.0]}}